Type	ID	Observed_CDR_R	Observed_CDR_S	Observed_FWR_R	Observed_FWR_S	Expected_CDR_R	Expected_CDR_S	Expected_FWR_R	Expected_FWR_S	Focused_Sigma_CDR	Focused_CIlower_CDR	Focused_CIupper_CDR	Focused_Sigma_FWR	Focused_CIlower_FWR	Focused_CIupper_FWR	Focused_P_CDR	Focused_P_FWR
Group	All sequences combined	NA	NA	NA	NA	NA	NA	NA	NA	-0.362	-0.44	-0.31	-0.119	-0.18	-0.09	-2.58e-14	-2.07e-09
Germline	UCA	NA	NA	NA	NA	NA	NA	NA	NA	-0.362	-0.44	-0.31	-0.119	-0.18	-0.09	-2.58e-14	-2.07e-09
Sequence	KC575855_14	2	0	6	2	0.165	0.071	0.551	0.213	0.544	-1.36	2.41	0.335	-1.08	1.95	0.275	0.342
Sequence	KC575854_14	2	0	8	2	0.165	0.071	0.551	0.213	0.544	-1.36	2.41	0.598	-0.74	2.16	0.275	0.207
Sequence	KC575935_53	3	1	11	4	0.165	0.071	0.551	0.213	0.0741	-1.37	1.39	0.082	-0.92	1.14	0.447	0.448
Sequence	KC576057_53	2	2	8	5	0.165	0.071	0.551	0.213	-0.594	-2.21	0.75	-0.536	-1.54	0.45	-0.213	-0.142
Sequence	KC575897_53	4	2	12	5	0.165	0.071	0.551	0.213	0.0222	-1.23	1.16	-0.149	-1.06	0.78	0.475	-0.366
Sequence	KC576062_53	4	2	11	5	0.165	0.071	0.551	0.213	0.0222	-1.23	1.16	-0.232	-1.16	0.71	0.475	-0.305
Sequence	KC576075_53	5	2	11	7	0.165	0.071	0.551	0.213	-0.00948	-1.13	1.01	-0.47	-1.35	0.39	0.498	-0.141
Sequence	KC575883_53	5	2	11	4	0.165	0.071	0.551	0.213	0.373	-0.81	 1.5	-0.0875	-1.05	 0.9	0.257	-0.42
Sequence	KC575905_53	2	2	16	2	0.165	0.071	0.551	0.213	-0.083	-1.81	1.44	0.644	-0.35	1.76	-0.473	0.106
Sequence	KC575969_53	3	4	16	1	0.165	0.071	0.551	0.213	0.0741	-1.37	1.39	0.441	-0.49	1.46	0.447	0.185
Sequence	KC576027_53	3	4	15	1	0.165	0.071	0.551	0.213	0.0741	-1.37	1.39	0.379	-0.57	 1.4	0.447	0.225
Sequence	KC575940_53	3	3	17	2	0.165	0.071	0.551	0.213	0.0741	-1.37	1.39	 0.5	-0.43	1.51	0.447	0.151
Sequence	KC575879_53	3	3	17	2	0.165	0.071	0.551	0.213	0.0741	-1.37	1.39	 0.5	-0.43	1.51	0.447	0.151
Sequence	KC575928_53	3	3	15	3	0.165	0.071	0.551	0.213	-0.0952	-1.51	1.16	0.21	-0.69	1.16	-0.455	0.334
Sequence	KC575875_53	3	3	15	2	0.165	0.071	0.551	0.213	0.0741	-1.37	1.39	0.379	-0.57	 1.4	0.447	0.225
Sequence	KC575990_53	3	3	17	2	0.165	0.071	0.551	0.213	0.0741	-1.37	1.39	 0.5	-0.43	1.51	0.447	0.151
Sequence	KC575876_53	3	3	16	2	0.165	0.071	0.551	0.213	0.0741	-1.37	1.39	0.441	-0.49	1.46	0.447	0.185
Sequence	KC576227_92	3	4	24	9	0.165	0.071	0.551	0.213	-0.821	-2.13	0.26	-0.0663	-0.74	0.61	-0.0765	-0.416
Sequence	KC575877_53	4	2	13	7	0.165	0.071	0.551	0.213	-0.215	-1.43	0.86	-0.31	-1.15	0.53	-0.363	-0.229
Sequence	KC575856_53	5	0	13	6	0.165	0.071	0.551	0.213	0.373	-0.81	 1.5	0.0727	-0.85	1.04	0.257	0.449
Sequence	KC575864_53	2	0	10	5	0.165	0.071	0.551	0.213	-0.286	-1.96	1.15	-0.00884	-1.03	1.06	-0.369	-0.482
Sequence	KC575862_53	1	0	11	4	0.166	0.071	0.549	0.214	-0.666	-2.89	1.09	0.294	-0.77	1.45	-0.257	0.307
Sequence	KC576043_53	3	2	9	4	0.165	0.071	0.551	0.213	-0.0952	-1.51	1.16	-0.279	-1.28	0.74	-0.455	-0.287
Sequence	KC575881_53	8	4	15	4	0.165	0.071	0.551	0.213	0.544	-0.44	1.49	-0.0598	-0.9	 0.8	0.13	-0.436
Sequence	KC575941_53	4	5	14	10	0.165	0.071	0.551	0.213	-0.701	-1.85	0.27	-0.729	-1.47	-0.02	-0.088	-0.0231
Sequence	KC575985_53	2	4	14	6	0.165	0.071	0.551	0.213	-0.923	-2.49	0.34	-0.339	-1.14	0.46	-0.0853	-0.199
Sequence	KC576003_53	3	5	14	8	0.165	0.071	0.551	0.213	-0.821	-2.13	0.26	-0.591	-1.35	0.15	-0.0765	-0.0595
Sequence	KC575870_53	2	1	10	2	0.165	0.071	0.551	0.213	0.178	-1.61	1.82	0.455	-0.71	1.76	0.406	0.236
Sequence	KC575956_53	4	2	13	6	0.165	0.071	0.551	0.213	-0.104	-1.33	   1	-0.198	-1.06	0.68	-0.44	-0.32
Sequence	KC575979_53	4	2	12	5	0.165	0.071	0.551	0.213	0.0222	-1.23	1.16	-0.149	-1.06	0.78	0.475	-0.366
Sequence	KC575987_53	4	2	12	5	0.165	0.071	0.551	0.213	0.0222	-1.23	1.16	-0.149	-1.06	0.78	0.475	-0.366
Sequence	KC575933_53	4	2	12	4	0.165	0.071	0.551	0.213	0.167	-1.11	1.35	-0.00414	-0.95	0.98	0.385	-0.487
Sequence	KC576088_92	4	3	19	8	0.165	0.071	0.551	0.213	-0.405	-1.59	0.62	-0.134	-0.87	 0.6	-0.237	-0.353
Sequence	KC576170_92	4	2	21	8	0.165	0.071	0.551	0.213	-0.315	-1.51	0.73	0.0549	-0.68	0.81	-0.295	0.45
Sequence	KC576234_92	4	3	14	8	0.165	0.071	0.551	0.213	-0.405	-1.59	0.62	-0.43	-1.22	0.35	-0.237	-0.137
Sequence	KC576124_92	2	2	16	6	0.165	0.071	0.551	0.213	-0.717	-2.31	0.59	0.00265	-0.82	0.85	-0.159	-0.494
Sequence	KC576039_53	3	2	11	4	0.165	0.071	0.551	0.213	-0.0952	-1.51	1.16	-0.0875	-1.05	 0.9	-0.455	-0.42
Sequence	KC576182_92	6	3	22	7	0.165	0.071	0.551	0.213	0.0601	-0.97	1.01	 0.1	-0.63	0.85	0.444	0.402
Sequence	KC575850_66	3	3	15	7	0.165	0.071	0.551	0.213	-0.573	-1.91	0.56	-0.272	-1.06	0.52	-0.177	-0.245
Sequence	KC575946_53	1	3	13	4	0.165	0.071	0.551	0.213	-1.15	-3.24	0.43	-0.0718	-0.96	0.84	-0.0893	-0.429
Sequence	KC575959_53	2	3	15	7	0.165	0.071	0.551	0.213	-0.923	-2.49	0.34	-0.272	-1.06	0.52	-0.0853	-0.245
Sequence	KC575934_53	3	4	13	5	0.165	0.071	0.551	0.213	-0.474	-1.82	0.68	-0.31	-1.15	0.53	-0.228	-0.229
Sequence	KC575995_53	1	4	13	5	0.165	0.071	0.551	0.213	-1.37	-3.42	0.15	-0.31	-1.15	0.53	-0.0426	-0.229
Sequence	KC575950_53	1	4	10	4	0.165	0.071	0.551	0.213	-1.27	-3.34	0.28	-0.45	-1.37	0.46	-0.0619	-0.164
Sequence	KC575937_53	3	3	12	8	0.165	0.071	0.551	0.213	-0.663	-1.99	0.45	-0.579	-1.4	0.22	-0.135	-0.0785
Sequence	KC576072_53	1	2	6	3	0.165	0.071	0.551	0.213	-0.859	-3.03	0.82	-0.492	-1.65	0.67	-0.182	-0.196
Sequence	KC575983_53	1	1	13	6	0.165	0.071	0.551	0.213	-1.15	-3.24	0.43	-0.0718	-0.96	0.84	-0.0893	-0.429
Sequence	KC576020_53	1	1	10	3	0.165	0.071	0.551	0.213	-0.666	-2.89	1.09	0.196	-0.88	1.36	-0.257	0.375
Sequence	KC576012_53	1	1	11	3	0.165	0.071	0.551	0.213	-0.666	-2.89	1.09	0.287	-0.77	1.44	-0.257	0.312
Sequence	KC576064_53	1	1	11	6	0.165	0.071	0.551	0.213	-1.15	-3.24	0.43	-0.232	-1.16	0.71	-0.0893	-0.305
Sequence	KC576009_53	1	0	10	3	0.165	0.071	0.551	0.213	-0.418	-2.72	1.46	0.455	-0.71	1.76	-0.359	0.236
Sequence	KC576032_53	1	3	14	4	0.165	0.071	0.551	0.213	-1.15	-3.24	0.43	-0.000399	-0.88	0.91	-0.0893	-0.49
Sequence	KC576066_53	1	3	14	5	0.165	0.071	0.551	0.213	-1.27	-3.34	0.28	-0.126	-0.98	0.74	-0.0619	-0.378
Sequence	KC575869_53	1	3	14	5	0.165	0.071	0.551	0.213	-1.27	-3.34	0.28	-0.126	-0.98	0.74	-0.0619	-0.378
Sequence	KC575963_53	1	3	12	3	0.165	0.071	0.551	0.213	-1.02	-3.14	 0.6	-0.00414	-0.95	0.98	-0.128	-0.487
Sequence	KC575901_53	3	4	13	5	0.165	0.071	0.551	0.213	-0.474	-1.82	0.68	-0.31	-1.15	0.53	-0.228	-0.229
Sequence	KC575896_53	2	3	10	5	0.165	0.071	0.551	0.213	-0.717	-2.31	0.59	-0.45	-1.37	0.46	-0.159	-0.164
Sequence	KC576061_53	2	3	12	8	0.165	0.071	0.551	0.213	-1.01	-2.56	0.23	-0.579	-1.4	0.22	-0.0617	-0.0785
Sequence	KC576045_53	2	3	12	9	0.165	0.071	0.551	0.213	-1.09	-2.63	0.13	-0.662	-1.47	0.12	-0.0443	-0.0491
Sequence	KC576033_53	2	3	12	7	0.165	0.071	0.551	0.213	-0.923	-2.49	0.34	-0.487	-1.33	0.33	-0.0853	-0.122
Sequence	KC575984_53	4	4	16	8	0.165	0.071	0.551	0.213	-0.488	-1.66	0.53	-0.384	-1.13	0.35	-0.188	-0.152
Sequence	KC575880_53	4	4	15	7	0.165	0.071	0.551	0.213	-0.405	-1.59	0.62	-0.363	-1.14	 0.4	-0.237	-0.174
Sequence	KC576078_53	2	2	13	8	0.165	0.071	0.551	0.213	-0.923	-2.49	0.34	-0.41	-1.23	 0.4	-0.0853	-0.158
Sequence	KC576006_53	1	3	14	4	0.165	0.071	0.551	0.213	-1.15	-3.24	0.43	-0.000399	-0.88	0.91	-0.0893	-0.49
Sequence	KC575980_53	2	3	14	2	0.165	0.071	0.551	0.213	-0.286	-1.96	1.15	0.313	-0.64	1.34	-0.369	0.272
Sequence	KC575873_53	3	2	9	4	0.165	0.071	0.551	0.213	-0.0952	-1.51	1.16	-0.279	-1.28	0.74	-0.455	-0.287
Sequence	KC576025_53	4	0	5	2	0.165	0.071	0.551	0.213	1.17	-0.38	2.86	0.168	-1.3	1.81	0.0677	0.43
Sequence	KC576038_53	4	2	13	5	0.165	0.071	0.551	0.213	0.0222	-1.23	1.16	-0.0718	-0.96	0.84	0.475	-0.429
Sequence	KC575925_53	3	2	13	5	0.165	0.071	0.551	0.213	-0.239	-1.63	0.98	-0.0718	-0.96	0.84	-0.368	-0.429
Sequence	KC575885_53	3	1	9	2	0.165	0.071	0.551	0.213	0.544	-1.02	2.08	0.356	-0.83	1.68	0.236	0.294
Sequence	KC575999_53	2	2	8	4	0.165	0.071	0.551	0.213	-0.453	-2.1	0.93	-0.391	-1.43	0.65	-0.282	-0.224
Sequence	KC575970_53	3	3	16	4	0.165	0.071	0.551	0.213	-0.239	-1.63	0.98	0.129	-0.73	1.02	-0.368	0.394
Sequence	KC575998_53	3	2	18	6	0.165	0.071	0.551	0.213	-0.364	-1.73	0.82	0.117	-0.69	0.95	-0.292	0.397
Sequence	KC575904_53	3	2	18	5	0.165	0.071	0.551	0.213	-0.239	-1.63	0.98	0.243	-0.59	1.12	-0.368	0.293
Sequence	KC575988_53	4	2	10	3	0.165	0.071	0.551	0.213	0.337	-0.98	1.58	-0.00884	-1.03	1.06	0.294	-0.482
Sequence	KC575955_53	3	1	11	3	0.165	0.071	0.551	0.213	0.28	-1.21	1.68	0.287	-0.77	1.44	0.342	0.312
Sequence	KC576058_53	3	3	16	2	0.165	0.071	0.551	0.213	0.0741	-1.37	1.39	0.441	-0.49	1.46	0.447	0.185
Sequence	KC576069_53	3	2	11	4	0.165	0.071	0.551	0.213	-0.0952	-1.51	1.16	-0.0875	-1.05	 0.9	-0.455	-0.42
Sequence	KC576030_53	4	2	14	3	0.165	0.071	0.551	0.213	0.337	-0.98	1.58	0.313	-0.64	1.34	0.294	0.272
Sequence	KC575906_53	4	2	14	2	0.165	0.071	0.551	0.213	0.544	-0.82	1.88	0.516	-0.5	1.64	0.207	0.168
Sequence	KC575965_53	3	1	10	3	0.165	0.071	0.551	0.213	0.28	-1.21	1.68	0.196	-0.88	1.36	0.342	0.375
Sequence	KC575890_53	2	5	16	5	0.165	0.071	0.551	0.213	-0.923	-2.49	0.34	-0.21	-0.99	0.57	-0.0853	-0.293
Sequence	KC576050_53	4	3	17	6	0.165	0.071	0.551	0.213	-0.215	-1.43	0.86	-0.0503	-0.84	0.76	-0.363	-0.442
Sequence	KC576100_92	3	5	21	2	0.165	0.071	0.551	0.213	-0.239	-1.63	0.98	0.392	-0.42	1.26	-0.368	0.177
Sequence	KC575952_53	5	2	11	8	0.165	0.071	0.551	0.213	-0.11	-1.21	0.88	-0.571	-1.43	0.26	-0.427	-0.0905
Sequence	KC575910_53	5	2	11	8	0.165	0.071	0.551	0.213	-0.11	-1.21	0.88	-0.571	-1.43	0.26	-0.427	-0.0905
Sequence	KC575951_53	5	1	11	4	0.165	0.071	0.551	0.213	0.544	-0.68	1.74	0.082	-0.92	1.14	0.183	0.448
Sequence	KC576149_92	4	2	14	6	0.165	0.071	0.551	0.213	-0.104	-1.33	   1	-0.126	-0.98	0.74	-0.44	-0.378
Sequence	KC576179_92	6	4	20	6	0.165	0.071	0.551	0.213	0.0601	-0.97	1.01	0.00733	-0.74	0.77	0.444	-0.5
Sequence	KC575894_53	4	3	18	5	0.165	0.071	0.551	0.213	-0.104	-1.33	   1	0.117	-0.69	0.95	-0.44	0.397
Sequence	KC575977_53	2	2	20	6	0.165	0.071	0.551	0.213	-0.717	-2.31	0.59	0.219	-0.57	1.04	-0.159	0.301
Sequence	KC576021_53	1	4	14	4	0.165	0.071	0.551	0.213	-1.27	-3.34	0.28	-0.126	-0.98	0.74	-0.0619	-0.378
Sequence	KC575953_53	2	2	9	4	0.165	0.071	0.551	0.213	-0.453	-2.1	0.93	-0.279	-1.28	0.74	-0.282	-0.287
Sequence	KC576049_53	2	2	21	7	0.165	0.071	0.551	0.213	-0.825	-2.4	0.45	0.155	-0.6	0.94	-0.117	0.352
Sequence	KC575863_53	2	3	13	5	0.165	0.071	0.551	0.213	-0.717	-2.31	0.59	-0.198	-1.06	0.68	-0.159	-0.32
Sequence	KC576055_53	2	2	13	5	0.165	0.071	0.551	0.213	-0.594	-2.21	0.75	-0.0718	-0.96	0.84	-0.213	-0.429
Sequence	KC575872_53	2	3	13	5	0.165	0.071	0.551	0.213	-0.717	-2.31	0.59	-0.198	-1.06	0.68	-0.159	-0.32
Sequence	KC575860_53	2	2	14	5	0.165	0.071	0.551	0.213	-0.594	-2.21	0.75	-0.000399	-0.88	0.91	-0.213	-0.49
Sequence	KC575924_53	2	2	14	5	0.165	0.071	0.551	0.213	-0.594	-2.21	0.75	-0.000399	-0.88	0.91	-0.213	-0.49
Sequence	KC575943_53	2	2	14	5	0.165	0.071	0.551	0.213	-0.594	-2.21	0.75	-0.000399	-0.88	0.91	-0.213	-0.49
Sequence	KC575907_53	2	3	14	5	0.165	0.071	0.551	0.213	-0.717	-2.31	0.59	-0.126	-0.98	0.74	-0.159	-0.378
Sequence	KC575916_53	3	2	13	5	0.165	0.071	0.551	0.213	-0.239	-1.63	0.98	-0.0718	-0.96	0.84	-0.368	-0.429
Sequence	KC576010_53	2	2	12	5	0.165	0.071	0.551	0.213	-0.594	-2.21	0.75	-0.149	-1.06	0.78	-0.213	-0.366
Sequence	KC575857_53	2	2	12	5	0.165	0.071	0.551	0.213	-0.594	-2.21	0.75	-0.149	-1.06	0.78	-0.213	-0.366
Sequence	KC576085_53	2	2	12	4	0.165	0.071	0.551	0.213	-0.453	-2.1	0.93	-0.00414	-0.95	0.98	-0.282	-0.487
Sequence	KC575874_53	2	2	13	5	0.165	0.071	0.551	0.213	-0.594	-2.21	0.75	-0.0718	-0.96	0.84	-0.213	-0.429
Sequence	KC575900_53	2	2	13	5	0.165	0.071	0.551	0.213	-0.594	-2.21	0.75	-0.0718	-0.96	0.84	-0.213	-0.429
Sequence	KC575859_53	2	2	14	6	0.165	0.071	0.551	0.213	-0.717	-2.31	0.59	-0.126	-0.98	0.74	-0.159	-0.378
Sequence	KC575996_53	2	2	11	4	0.165	0.071	0.551	0.213	-0.453	-2.1	0.93	-0.0875	-1.05	 0.9	-0.282	-0.42
Sequence	KC575994_53	3	3	15	5	0.165	0.071	0.551	0.213	-0.364	-1.73	0.82	-0.0598	-0.9	 0.8	-0.292	-0.436
Sequence	KC576007_53	3	3	14	4	0.165	0.071	0.551	0.213	-0.239	-1.63	0.98	-0.000399	-0.88	0.91	-0.368	-0.49
Sequence	KC576004_53	3	3	14	6	0.165	0.071	0.551	0.213	-0.474	-1.82	0.68	-0.238	-1.06	0.59	-0.228	-0.279
Sequence	KC575893_53	4	3	12	5	0.165	0.071	0.551	0.213	-0.104	-1.33	   1	-0.275	-1.15	0.61	-0.44	-0.264
Sequence	KC576019_53	3	3	10	3	0.165	0.071	0.551	0.213	-0.0952	-1.51	1.16	-0.179	-1.16	0.83	-0.455	-0.353
Sequence	KC576040_53	3	3	15	3	0.165	0.071	0.551	0.213	-0.0952	-1.51	1.16	0.21	-0.69	1.16	-0.455	0.334
Sequence	KC575858_53	3	3	16	3	0.165	0.071	0.551	0.213	-0.0952	-1.51	1.16	0.273	-0.62	1.22	-0.455	0.284
Sequence	KC575899_53	3	3	16	3	0.165	0.071	0.551	0.213	-0.0952	-1.51	1.16	0.273	-0.62	1.22	-0.455	0.284
Sequence	KC575902_53	3	3	16	4	0.165	0.071	0.551	0.213	-0.239	-1.63	0.98	0.129	-0.73	1.02	-0.368	0.394
Sequence	KC575895_53	4	3	14	2	0.165	0.071	0.551	0.213	0.337	-0.98	1.58	0.313	-0.64	1.34	0.294	0.272
Sequence	KC576056_53	4	3	13	2	0.165	0.071	0.551	0.213	0.337	-0.98	1.58	0.242	-0.73	1.28	0.294	0.324
Sequence	KC575919_53	4	3	16	3	0.165	0.071	0.551	0.213	0.167	-1.11	1.35	0.273	-0.62	1.22	0.385	0.284
Sequence	KC575866_53	4	3	16	2	0.165	0.071	0.551	0.213	0.337	-0.98	1.58	0.441	-0.49	1.46	0.294	0.185
Sequence	KC575888_53	3	2	17	1	0.165	0.071	0.551	0.213	0.544	-1.02	2.08	0.957	-0.12	2.21	0.236	0.0392
Sequence	KC576026_53	2	2	13	3	0.165	0.071	0.551	0.213	-0.286	-1.96	1.15	0.242	-0.73	1.28	-0.369	0.324
Sequence	KC575920_53	2	2	12	3	0.165	0.071	0.551	0.213	-0.286	-1.96	1.15	0.165	-0.82	1.21	-0.369	0.383
Sequence	KC576000_53	2	1	13	5	0.165	0.071	0.551	0.213	-0.453	-2.1	0.93	0.0727	-0.85	1.04	-0.282	0.449
Sequence	KC575927_53	4	3	13	2	0.165	0.071	0.551	0.213	0.337	-0.98	1.58	0.242	-0.73	1.28	0.294	0.324
Sequence	KC575918_53	3	2	13	5	0.165	0.071	0.551	0.213	-0.239	-1.63	0.98	-0.0718	-0.96	0.84	-0.368	-0.429
Sequence	KC576065_53	4	2	13	5	0.165	0.071	0.551	0.213	0.0222	-1.23	1.16	-0.0718	-0.96	0.84	0.475	-0.429
Sequence	KC576079_53	3	2	14	6	0.165	0.071	0.551	0.213	-0.364	-1.73	0.82	-0.126	-0.98	0.74	-0.292	-0.378
Sequence	KC575922_53	3	2	14	6	0.165	0.071	0.551	0.213	-0.364	-1.73	0.82	-0.126	-0.98	0.74	-0.292	-0.378
Sequence	KC575981_53	5	2	15	4	0.165	0.071	0.551	0.213	0.373	-0.81	 1.5	0.21	-0.69	1.16	0.257	0.334
Sequence	KC575929_53	3	1	17	6	0.165	0.071	0.551	0.213	-0.239	-1.63	0.98	0.187	-0.66	1.07	-0.368	0.341
Sequence	KC576011_53	5	2	17	3	0.165	0.071	0.551	0.213	0.544	-0.68	1.74	 0.5	-0.43	1.51	0.183	0.151
Sequence	KC575992_53	2	2	15	5	0.165	0.071	0.551	0.213	-0.594	-2.21	0.75	0.0662	-0.8	0.97	-0.213	0.45
Sequence	KC575938_53	4	2	14	5	0.165	0.071	0.551	0.213	0.0222	-1.23	1.16	-0.000399	-0.88	0.91	0.475	-0.49
Sequence	KC575861_53	5	1	14	5	0.165	0.071	0.551	0.213	0.373	-0.81	 1.5	0.144	-0.77	1.11	0.257	0.389
Sequence	KC575975_53	3	4	12	7	0.165	0.071	0.551	0.213	-0.663	-1.99	0.45	-0.579	-1.4	0.22	-0.135	-0.0785
Sequence	KC576076_53	5	3	10	8	0.165	0.071	0.551	0.213	-0.201	-1.29	0.77	-0.754	-1.62	0.07	-0.358	-0.0386
Sequence	KC575974_53	2	0	8	5	0.165	0.071	0.551	0.213	-0.286	-1.96	1.15	-0.221	-1.3	0.89	-0.369	-0.336
Sequence	KC576135_92	1	0	13	3	0.165	0.071	0.551	0.213	-0.418	-2.72	1.46	0.702	-0.41	1.98	-0.359	0.114
Sequence	KC576051_53	3	1	9	3	0.165	0.071	0.551	0.213	0.28	-1.21	1.68	0.0963	-1.01	1.28	0.342	0.445
Sequence	KC575961_53	3	1	9	2	0.165	0.071	0.551	0.213	0.544	-1.02	2.08	0.356	-0.83	1.68	0.236	0.294
Sequence	KC575886_53	2	4	12	9	0.165	0.071	0.551	0.213	-1.17	-2.7	0.05	-0.74	-1.54	0.02	-0.0316	-0.0298
Sequence	KC576037_53	2	4	12	8	0.165	0.071	0.551	0.213	-1.09	-2.63	0.13	-0.662	-1.47	0.12	-0.0443	-0.0491
Sequence	KC576059_53	3	4	12	8	0.165	0.071	0.551	0.213	-0.745	-2.06	0.35	-0.662	-1.47	0.12	-0.102	-0.0491
Sequence	KC575989_53	3	4	12	8	0.165	0.071	0.551	0.213	-0.745	-2.06	0.35	-0.662	-1.47	0.12	-0.102	-0.0491
Sequence	KC575931_53	3	4	10	5	0.165	0.071	0.551	0.213	-0.474	-1.82	0.68	-0.562	-1.46	0.32	-0.228	-0.105
Sequence	KC576067_53	4	4	20	6	0.165	0.071	0.551	0.213	-0.315	-1.51	0.73	0.00733	-0.74	0.77	-0.295	-0.5
Sequence	KC576068_53	3	3	14	10	0.165	0.071	0.551	0.213	-0.821	-2.13	0.26	-0.591	-1.35	0.15	-0.0765	-0.0595
Sequence	KC575958_53	1	4	15	9	0.165	0.071	0.551	0.213	-1.69	-3.68	-0.25	-0.524	-1.27	 0.2	-0.00916	-0.08
Sequence	KC576022_53	1	4	14	8	0.165	0.071	0.551	0.213	-1.62	-3.62	-0.16	-0.514	-1.29	0.24	-0.0135	-0.0918
Sequence	KC576171_92	6	3	22	7	0.165	0.071	0.551	0.213	0.0601	-0.97	1.01	 0.1	-0.63	0.85	0.444	0.402
Sequence	KC576152_92	7	3	22	7	0.165	0.071	0.551	0.213	0.205	-0.78	1.12	 0.1	-0.63	0.85	0.329	0.402
Sequence	KC576192_92	6	3	22	6	0.165	0.071	0.551	0.213	0.161	-0.89	1.14	0.201	-0.55	0.98	0.37	0.307
Sequence	KC576239_92	4	4	19	5	0.165	0.071	0.551	0.213	-0.215	-1.43	0.86	0.0577	-0.72	0.85	-0.363	0.45
Sequence	KC576146_92	6	4	20	4	0.165	0.071	0.551	0.213	0.272	-0.8	1.28	0.219	-0.57	1.04	0.296	0.301
Sequence	KC575914_53	4	2	12	6	0.165	0.071	0.551	0.213	-0.104	-1.33	   1	-0.275	-1.15	0.61	-0.44	-0.264
Sequence	KC576083_53	4	2	10	4	0.165	0.071	0.551	0.213	0.167	-1.11	1.35	-0.179	-1.16	0.83	0.385	-0.353
Sequence	KC575945_53	2	2	9	5	0.165	0.071	0.551	0.213	-0.594	-2.21	0.75	-0.424	-1.4	0.55	-0.213	-0.191
Sequence	KC575868_53	4	2	13	2	0.165	0.071	0.551	0.213	0.544	-0.82	1.88	0.446	-0.58	1.58	0.207	0.208
Sequence	KC575949_53	3	1	11	5	0.165	0.071	0.551	0.213	-0.0952	-1.51	1.16	-0.0875	-1.05	 0.9	-0.455	-0.42
Sequence	KC575911_53	3	4	13	2	0.165	0.071	0.551	0.213	-0.0952	-1.51	1.16	0.0727	-0.85	1.04	-0.455	0.449
Sequence	KC575932_53	3	4	13	3	0.165	0.071	0.551	0.213	-0.239	-1.63	0.98	-0.0718	-0.96	0.84	-0.368	-0.429
Sequence	KC575948_53	3	0	13	2	0.165	0.071	0.551	0.213	0.91	-0.77	2.67	1.05	-0.19	2.55	0.139	0.0502
Sequence	KC575967_53	3	1	13	5	0.165	0.071	0.551	0.213	-0.0952	-1.51	1.16	0.0727	-0.85	1.04	-0.455	0.449
Sequence	KC576017_53	4	2	13	6	0.165	0.071	0.551	0.213	-0.104	-1.33	   1	-0.198	-1.06	0.68	-0.44	-0.32
Sequence	KC575882_53	4	4	18	2	0.165	0.071	0.551	0.213	0.167	-1.11	1.35	0.387	-0.49	1.32	0.385	0.199
Sequence	KC575972_53	4	4	19	2	0.165	0.071	0.551	0.213	0.167	-1.11	1.35	0.439	-0.43	1.37	0.385	0.165
Sequence	KC575909_53	4	2	11	7	0.165	0.071	0.551	0.213	-0.215	-1.43	0.86	-0.47	-1.35	0.39	-0.363	-0.141
Sequence	KC575944_53	2	2	10	9	0.165	0.071	0.551	0.213	-1.01	-2.56	0.23	-0.754	-1.62	0.07	-0.0617	-0.0386
Sequence	KC575954_53	4	1	12	8	0.165	0.071	0.551	0.213	-0.215	-1.43	0.86	-0.387	-1.24	0.46	-0.363	-0.183
Sequence	KC576036_53	6	1	13	8	0.165	0.071	0.551	0.213	0.161	-0.89	1.14	-0.31	-1.15	0.53	0.37	-0.229
Sequence	KC575968_53	6	1	12	7	0.165	0.071	0.551	0.213	0.272	-0.8	1.28	-0.275	-1.15	0.61	0.296	-0.264
Sequence	KC576008_53	5	1	13	7	0.165	0.071	0.551	0.213	0.102	-1.03	1.15	-0.198	-1.06	0.68	0.418	-0.32
Sequence	KC575964_53	5	4	13	5	0.165	0.071	0.551	0.213	-0.00948	-1.13	1.01	-0.31	-1.15	0.53	0.498	-0.229
Sequence	KC576042_53	4	4	14	9	0.165	0.071	0.551	0.213	-0.564	-1.73	0.43	-0.591	-1.35	0.15	-0.147	-0.0595
Sequence	KC575976_53	4	4	11	8	0.165	0.071	0.551	0.213	-0.488	-1.66	0.53	-0.746	-1.57	0.05	-0.188	-0.0339
Sequence	KC576041_53	5	5	12	5	0.165	0.071	0.551	0.213	-0.11	-1.21	0.88	-0.487	-1.33	0.33	-0.427	-0.122
Sequence	KC576086_92	4	2	22	9	0.165	0.071	0.551	0.213	-0.405	-1.59	0.62	0.00916	-0.7	0.73	-0.237	0.498
Sequence	KC576169_92	3	4	16	10	0.165	0.071	0.551	0.213	-0.891	-2.19	0.18	-0.533	-1.26	0.17	-0.0568	-0.0698
Sequence	KC576257_92	3	3	20	11	0.165	0.071	0.551	0.213	-0.891	-2.19	0.18	-0.316	  -1	0.36	-0.0568	-0.177
Sequence	KC576197_92	7	3	23	7	0.165	0.071	0.551	0.213	0.205	-0.78	1.12	0.144	-0.58	0.89	0.329	0.356
Sequence	KC576142_92	4	4	21	10	0.165	0.071	0.551	0.213	-0.635	-1.79	0.35	-0.268	-0.95	 0.4	-0.114	-0.213
Sequence	KC576156_92	4	4	21	10	0.165	0.071	0.551	0.213	-0.635	-1.79	0.35	-0.268	-0.95	 0.4	-0.114	-0.213
Sequence	KC576141_92	4	3	20	11	0.165	0.071	0.551	0.213	-0.635	-1.79	0.35	-0.316	  -1	0.36	-0.114	-0.177
Sequence	KC576127_92	4	3	17	12	0.165	0.071	0.551	0.213	-0.701	-1.85	0.27	-0.541	-1.24	0.14	-0.088	-0.061
Sequence	KC576161_92	4	5	17	9	0.165	0.071	0.551	0.213	-0.635	-1.79	0.35	-0.474	-1.19	0.22	-0.114	-0.0912
Sequence	KC576215_92	3	3	19	13	0.165	0.071	0.551	0.213	-1.02	-2.3	0.03	-0.495	-1.17	0.16	-0.0307	-0.07
Sequence	KC576112_92	5	2	20	10	0.165	0.071	0.551	0.213	-0.284	-1.36	0.67	-0.167	-0.88	0.54	-0.296	-0.315
Sequence	KC576226_92	5	3	20	10	0.165	0.071	0.551	0.213	-0.36	-1.43	0.58	-0.244	-0.94	0.45	-0.242	-0.24
Sequence	KC576140_92	5	3	20	10	0.165	0.071	0.551	0.213	-0.36	-1.43	0.58	-0.244	-0.94	0.45	-0.242	-0.24
Sequence	KC576089_92	4	2	21	9	0.165	0.071	0.551	0.213	-0.405	-1.59	0.62	-0.0363	-0.76	0.69	-0.237	-0.453
Sequence	KC576173_92	4	3	19	11	0.165	0.071	0.551	0.213	-0.635	-1.79	0.35	-0.366	-1.06	0.31	-0.114	-0.145
Sequence	KC576183_92	4	2	19	13	0.165	0.071	0.551	0.213	-0.701	-1.85	0.27	-0.433	-1.12	0.23	-0.088	-0.102
Sequence	KC576176_92	4	5	20	9	0.165	0.071	0.551	0.213	-0.635	-1.79	0.35	-0.316	  -1	0.36	-0.114	-0.177
Sequence	KC576005_53	3	5	18	7	0.165	0.071	0.551	0.213	-0.745	-2.06	0.35	-0.27	  -1	0.45	-0.102	-0.228
Sequence	KC576047_53	3	6	17	6	0.165	0.071	0.551	0.213	-0.745	-2.06	0.35	-0.326	-1.06	 0.4	-0.102	-0.188
Sequence	KC576073_53	3	6	18	6	0.165	0.071	0.551	0.213	-0.745	-2.06	0.35	-0.27	  -1	0.45	-0.102	-0.228
Sequence	KC576070_53	2	5	16	7	0.165	0.071	0.551	0.213	-1.09	-2.63	0.13	-0.384	-1.13	0.35	-0.0443	-0.152
Sequence	KC575982_53	2	5	16	6	0.165	0.071	0.551	0.213	-1.01	-2.56	0.23	-0.301	-1.06	0.46	-0.0617	-0.214
Sequence	KC575926_53	4	4	22	5	0.165	0.071	0.551	0.213	-0.215	-1.43	0.86	0.201	-0.55	0.98	-0.363	0.307
Sequence	KC576250_92	4	4	20	6	0.165	0.071	0.551	0.213	-0.315	-1.51	0.73	0.00733	-0.74	0.77	-0.295	-0.5
Sequence	KC575849_66	4	2	19	4	0.165	0.071	0.551	0.213	0.167	-1.11	1.35	0.439	-0.43	1.37	0.385	0.165
Sequence	KC575851_53	4	2	19	4	0.165	0.071	0.551	0.213	0.167	-1.11	1.35	0.439	-0.43	1.37	0.385	0.165
Sequence	KC576046_53	2	3	19	4	0.165	0.071	0.551	0.213	-0.594	-2.21	0.75	0.295	-0.53	1.17	-0.213	0.25
Sequence	KC576071_53	2	3	11	6	0.165	0.071	0.551	0.213	-0.825	-2.4	0.45	-0.47	-1.35	0.39	-0.117	-0.141
Sequence	KC576054_53	3	2	8	8	0.165	0.071	0.551	0.213	-0.573	-1.91	0.56	-0.875	-1.82	0.02	-0.177	-0.0284
Sequence	KC576035_53	5	3	16	7	0.165	0.071	0.551	0.213	-0.11	-1.21	0.88	-0.21	-0.99	0.57	-0.427	-0.293
Sequence	KC575957_53	4	2	11	4	0.165	0.071	0.551	0.213	0.167	-1.11	1.35	-0.0875	-1.05	 0.9	0.385	-0.42
Sequence	KC575867_53	4	2	12	4	0.165	0.071	0.551	0.213	0.167	-1.11	1.35	-0.00414	-0.95	0.98	0.385	-0.487
Sequence	KC575891_53	4	2	12	4	0.165	0.071	0.551	0.213	0.167	-1.11	1.35	-0.00414	-0.95	0.98	0.385	-0.487
Sequence	KC575908_53	4	2	13	5	0.165	0.071	0.551	0.213	0.0222	-1.23	1.16	-0.0718	-0.96	0.84	0.475	-0.429
Sequence	KC575978_53	5	2	12	6	0.165	0.071	0.551	0.213	0.102	-1.03	1.15	-0.275	-1.15	0.61	0.418	-0.264
Sequence	KC576014_53	4	2	14	5	0.165	0.071	0.551	0.213	0.0222	-1.23	1.16	-0.000399	-0.88	0.91	0.475	-0.49
Sequence	KC576034_53	4	3	13	7	0.165	0.071	0.551	0.213	-0.315	-1.51	0.73	-0.41	-1.23	 0.4	-0.295	-0.158
Sequence	KC576077_53	2	1	17	5	0.165	0.071	0.551	0.213	-0.453	-2.1	0.93	0.331	-0.55	1.27	-0.282	0.239
Sequence	KC575947_53	4	4	17	7	0.165	0.071	0.551	0.213	-0.405	-1.59	0.62	-0.242	  -1	0.51	-0.237	-0.258
Sequence	KC575915_53	2	2	20	2	0.165	0.071	0.551	0.213	-0.083	-1.81	1.44	0.859	-0.11	1.95	-0.473	0.0392
Sequence	KC575962_53	2	2	15	2	0.165	0.071	0.551	0.213	-0.083	-1.81	1.44	0.582	-0.42	 1.7	-0.473	0.134
Sequence	KC576130_92	3	2	18	6	0.165	0.071	0.551	0.213	-0.364	-1.73	0.82	0.117	-0.69	0.95	-0.292	0.397
Sequence	KC575921_53	5	1	13	6	0.165	0.071	0.551	0.213	0.228	-0.93	1.31	-0.0718	-0.96	0.84	0.336	-0.429
Sequence	KC575884_53	8	3	17	5	0.165	0.071	0.551	0.213	0.544	-0.44	1.49	0.0614	-0.75	 0.9	0.13	0.45
Sequence	KC576098_92	5	2	24	10	0.165	0.071	0.551	0.213	-0.284	-1.36	0.67	0.0107	-0.67	 0.7	-0.296	0.495
Sequence	KC576242_92	4	2	24	10	0.165	0.071	0.551	0.213	-0.488	-1.66	0.53	0.0107	-0.67	 0.7	-0.188	0.495
Sequence	KC576090_92	4	1	22	11	0.165	0.071	0.551	0.213	-0.488	-1.66	0.53	-0.0743	-0.77	0.63	-0.188	-0.41
Sequence	KC576118_92	1	3	18	6	0.165	0.071	0.551	0.213	-1.37	-3.42	0.15	0.00519	-0.78	 0.8	-0.0426	-0.497
Sequence	KC575847_136	4	2	26	16	0.165	0.071	0.551	0.213	-0.876	-2.01	0.07	-0.303	-0.91	0.29	-0.0382	-0.158
Sequence	KC576028_53	3	3	15	10	0.165	0.071	0.551	0.213	-0.821	-2.13	0.26	-0.524	-1.27	 0.2	-0.0765	-0.08
Sequence	KC576157_92	4	3	19	13	0.165	0.071	0.551	0.213	-0.763	-1.91	 0.2	-0.495	-1.17	0.16	-0.0671	-0.07
Sequence	KC576103_92	3	3	19	15	0.165	0.071	0.551	0.213	-1.13	-2.4	-0.09	-0.61	-1.27	0.02	-0.0162	-0.0307
Sequence	KC576154_92	4	4	22	13	0.165	0.071	0.551	0.213	-0.821	-1.96	0.14	-0.411	-1.05	0.21	-0.0508	-0.099
Sequence	KC576137_92	4	3	19	13	0.165	0.071	0.551	0.213	-0.763	-1.91	 0.2	-0.495	-1.17	0.16	-0.0671	-0.07
Sequence	KC576123_92	5	3	20	10	0.165	0.071	0.551	0.213	-0.36	-1.43	0.58	-0.244	-0.94	0.45	-0.242	-0.24
Sequence	KC576248_92	5	3	20	11	0.165	0.071	0.551	0.213	-0.431	-1.49	 0.5	-0.316	  -1	0.36	-0.195	-0.177
Sequence	KC576252_92	4	4	20	10	0.165	0.071	0.551	0.213	-0.635	-1.79	0.35	-0.316	  -1	0.36	-0.114	-0.177
Sequence	KC576119_92	5	3	19	14	0.165	0.071	0.551	0.213	-0.618	-1.66	0.28	-0.554	-1.22	0.09	-0.097	-0.0469
Sequence	KC576241_92	5	3	18	14	0.165	0.071	0.551	0.213	-0.618	-1.66	0.28	-0.607	-1.28	0.04	-0.097	-0.035
Sequence	KC576228_92	4	2	20	15	0.165	0.071	0.551	0.213	-0.821	-1.96	0.14	-0.504	-1.16	0.13	-0.0508	-0.0614
Sequence	KC576163_92	4	2	20	14	0.165	0.071	0.551	0.213	-0.763	-1.91	 0.2	-0.445	-1.11	 0.2	-0.0671	-0.0896
Sequence	KC576186_92	4	2	20	12	0.165	0.071	0.551	0.213	-0.635	-1.79	0.35	-0.316	  -1	0.36	-0.114	-0.177
Sequence	KC576271_144	4	3	24	12	0.165	0.071	0.551	0.213	-0.701	-1.85	0.27	-0.205	-0.85	0.43	-0.088	-0.261
Sequence	KC576081_53	6	0	13	5	0.165	0.071	0.551	0.213	0.714	-0.45	1.87	0.242	-0.73	1.28	0.108	0.324
Sequence	KC576029_53	6	1	15	6	0.165	0.071	0.551	0.213	0.399	-0.69	1.44	0.0662	-0.8	0.97	0.226	0.45
Sequence	KC576153_92	4	3	17	11	0.165	0.071	0.551	0.213	-0.635	-1.79	0.35	-0.474	-1.19	0.22	-0.114	-0.0912
Sequence	KC575993_53	8	3	19	9	0.165	0.071	0.551	0.213	0.156	-0.76	1.01	-0.217	-0.94	 0.5	0.357	-0.27
Sequence	KC575939_53	4	3	10	7	0.165	0.071	0.551	0.213	-0.315	-1.51	0.73	-0.662	-1.54	0.19	-0.295	-0.0646
Sequence	KC575865_53	3	2	12	9	0.165	0.071	0.551	0.213	-0.663	-1.99	0.45	-0.579	-1.4	0.22	-0.135	-0.0785
Sequence	KC576096_92	5	8	22	10	0.165	0.071	0.551	0.213	-0.674	-1.71	0.22	-0.467	-1.1	0.14	-0.0755	-0.0693
Sequence	KC576106_92	5	7	22	10	0.165	0.071	0.551	0.213	-0.618	-1.66	0.28	-0.411	-1.05	0.21	-0.097	-0.099
Sequence	KC576212_92	4	2	26	11	0.165	0.071	0.551	0.213	-0.564	-1.73	0.43	0.0121	-0.65	0.68	-0.147	0.493
Sequence	KC576144_92	4	2	27	10	0.165	0.071	0.551	0.213	-0.488	-1.66	0.53	0.126	-0.54	0.81	-0.188	0.362
Sequence	KC576128_92	4	2	25	10	0.165	0.071	0.551	0.213	-0.488	-1.66	0.53	0.0507	-0.63	0.74	-0.188	0.449
Sequence	KC576172_92	7	1	24	11	0.165	0.071	0.551	0.213	0.0303	-0.93	0.91	0.0107	-0.67	 0.7	0.466	0.495
Sequence	KC576138_92	4	2	25	11	0.165	0.071	0.551	0.213	-0.564	-1.73	0.43	-0.0263	-0.69	0.64	-0.147	-0.462
Sequence	KC576254_92	4	2	25	13	0.165	0.071	0.551	0.213	-0.701	-1.85	0.27	-0.165	-0.81	0.47	-0.088	-0.301
Sequence	KC576133_92	4	2	24	12	0.165	0.071	0.551	0.213	-0.635	-1.79	0.35	-0.138	-0.8	0.52	-0.114	-0.334
Sequence	KC576184_92	4	2	24	12	0.165	0.071	0.551	0.213	-0.635	-1.79	0.35	-0.138	-0.8	0.52	-0.114	-0.334
Sequence	KC576187_92	4	2	25	11	0.165	0.071	0.551	0.213	-0.564	-1.73	0.43	-0.0263	-0.69	0.64	-0.147	-0.462
Sequence	KC576198_92	4	1	19	11	0.165	0.071	0.551	0.213	-0.488	-1.66	0.53	-0.217	-0.94	 0.5	-0.188	-0.27
Sequence	KC576129_92	5	1	24	12	0.165	0.071	0.551	0.213	-0.36	-1.43	0.58	-0.0663	-0.74	0.61	-0.242	-0.416
Sequence	KC576145_92	5	1	28	10	0.165	0.071	0.551	0.213	-0.201	-1.29	0.77	0.245	-0.44	0.95	-0.358	0.244
Sequence	KC576190_92	5	2	27	9	0.165	0.071	0.551	0.213	-0.201	-1.29	0.77	0.21	-0.48	0.91	-0.358	0.279
Sequence	KC576116_92	4	1	26	11	0.165	0.071	0.551	0.213	-0.488	-1.66	0.53	0.0891	-0.59	0.77	-0.188	0.404
Sequence	KC576181_92	4	1	26	11	0.165	0.071	0.551	0.213	-0.488	-1.66	0.53	0.0891	-0.59	0.77	-0.188	0.404
Sequence	KC576104_92	5	3	27	10	0.165	0.071	0.551	0.213	-0.36	-1.43	0.58	0.0491	-0.61	0.71	-0.242	0.448
Sequence	KC576224_92	5	1	27	9	0.165	0.071	0.551	0.213	-0.11	-1.21	0.88	0.301	-0.41	1.03	-0.427	0.205
Sequence	KC576246_92	6	2	28	12	0.165	0.071	0.551	0.213	-0.263	-1.25	0.62	0.0133	-0.62	0.65	-0.294	0.49
Sequence	KC576201_92	5	4	18	16	0.165	0.071	0.551	0.213	-0.775	-1.8	 0.1	-0.765	-1.42	-0.15	-0.0448	-0.00862
Sequence	KC575997_53	4	2	9	3	0.165	0.071	0.551	0.213	0.337	-0.98	1.58	-0.109	-1.16	0.98	0.294	-0.41
Sequence	KC576261_144	5	4	27	17	0.165	0.071	0.551	0.213	-0.823	-1.85	0.05	-0.416	  -1	0.14	-0.0341	-0.0749
Sequence	KC576274_144	5	4	27	18	0.165	0.071	0.551	0.213	-0.868	-1.89	   0	-0.462	-1.04	0.09	-0.0258	-0.0531
Sequence	KC576281_144	4	4	29	19	0.165	0.071	0.551	0.213	-1.11	-2.23	-0.19	-0.435	-0.99	 0.1	-0.00836	-0.0588
Sequence	KC576275_144	5	4	25	19	0.165	0.071	0.551	0.213	-0.911	-1.93	-0.05	-0.581	-1.16	-0.03	-0.0195	-0.0218
Sequence	KC576203_92	3	4	25	15	0.165	0.071	0.551	0.213	-1.18	-2.45	-0.15	-0.394	  -1	0.19	-0.0117	-0.0956
Sequence	KC576245_92	5	3	21	15	0.165	0.071	0.551	0.213	-0.674	-1.71	0.22	-0.512	-1.15	 0.1	-0.0755	-0.0539
Sequence	KC576117_92	5	3	21	15	0.165	0.071	0.551	0.213	-0.674	-1.71	0.22	-0.512	-1.15	 0.1	-0.0755	-0.0539
Sequence	KC576251_92	5	3	21	15	0.165	0.071	0.551	0.213	-0.674	-1.71	0.22	-0.512	-1.15	 0.1	-0.0755	-0.0539
Sequence	KC576110_92	5	3	19	14	0.165	0.071	0.551	0.213	-0.618	-1.66	0.28	-0.554	-1.22	0.09	-0.097	-0.0469
Sequence	KC576150_92	5	3	20	14	0.165	0.071	0.551	0.213	-0.618	-1.66	0.28	-0.504	-1.16	0.13	-0.097	-0.0614
Sequence	KC576087_92	5	3	21	12	0.165	0.071	0.551	0.213	-0.498	-1.55	0.42	-0.335	  -1	0.32	-0.156	-0.157
Sequence	KC576095_92	5	3	21	12	0.165	0.071	0.551	0.213	-0.498	-1.55	0.42	-0.335	  -1	0.32	-0.156	-0.157
Sequence	KC576229_92	5	2	18	12	0.165	0.071	0.551	0.213	-0.431	-1.49	 0.5	-0.419	-1.12	0.27	-0.195	-0.116
Sequence	KC576139_92	5	2	18	12	0.165	0.071	0.551	0.213	-0.431	-1.49	 0.5	-0.419	-1.12	0.27	-0.195	-0.116
Sequence	KC576185_92	5	2	18	12	0.165	0.071	0.551	0.213	-0.431	-1.49	 0.5	-0.419	-1.12	0.27	-0.195	-0.116
Sequence	KC576101_92	4	3	20	10	0.165	0.071	0.551	0.213	-0.564	-1.73	0.43	-0.244	-0.94	0.45	-0.147	-0.24
Sequence	KC576256_92	4	2	18	12	0.165	0.071	0.551	0.213	-0.635	-1.79	0.35	-0.419	-1.12	0.27	-0.114	-0.116
Sequence	KC576188_92	3	4	19	14	0.165	0.071	0.551	0.213	-1.13	-2.4	-0.09	-0.61	-1.27	0.02	-0.0162	-0.0307
Sequence	KC576031_53	3	4	17	6	0.165	0.071	0.551	0.213	-0.573	-1.91	0.56	-0.15	-0.92	0.63	-0.177	-0.345
Sequence	KC575878_53	3	3	15	8	0.165	0.071	0.551	0.213	-0.663	-1.99	0.45	-0.363	-1.14	 0.4	-0.135	-0.174
Sequence	KC575930_53	5	1	15	6	0.165	0.071	0.551	0.213	0.228	-0.93	1.31	0.0662	-0.8	0.97	0.336	0.45
Sequence	KC576015_53	5	2	11	8	0.165	0.071	0.551	0.213	-0.11	-1.21	0.88	-0.571	-1.43	0.26	-0.427	-0.0905
Sequence	KC576102_92	7	1	15	11	0.165	0.071	0.551	0.213	0.0303	-0.93	0.91	-0.447	-1.21	 0.3	0.466	-0.12
Sequence	KC575903_53	3	4	17	4	0.165	0.071	0.551	0.213	-0.364	-1.73	0.82	0.0614	-0.75	 0.9	-0.292	0.45
Sequence	KC576080_53	2	2	10	7	0.165	0.071	0.551	0.213	-0.825	-2.4	0.45	-0.562	-1.46	0.32	-0.117	-0.105
Sequence	KC576084_53	5	6	23	11	0.165	0.071	0.551	0.213	-0.618	-1.66	0.28	-0.368	  -1	0.25	-0.097	-0.122
Sequence	KC575973_53	3	4	15	8	0.165	0.071	0.551	0.213	-0.745	-2.06	0.35	-0.447	-1.21	 0.3	-0.102	-0.12
Sequence	KC576205_92	7	3	18	10	0.165	0.071	0.551	0.213	-0.0467	-0.99	0.81	-0.347	-1.06	0.36	-0.467	-0.165
Sequence	KC576111_92	5	1	26	9	0.165	0.071	0.551	0.213	-0.11	-1.21	0.88	0.264	-0.45	   1	-0.427	0.237
Sequence	KC576151_92	5	1	27	11	0.165	0.071	0.551	0.213	-0.284	-1.36	0.67	0.126	-0.54	0.81	-0.296	0.362
Sequence	KC576175_92	4	3	25	11	0.165	0.071	0.551	0.213	-0.635	-1.79	0.35	-0.0978	-0.75	0.55	-0.114	-0.377
Sequence	KC576099_92	5	1	25	11	0.165	0.071	0.551	0.213	-0.284	-1.36	0.67	0.0507	-0.63	0.74	-0.296	0.449
Sequence	KC576093_92	5	2	25	10	0.165	0.071	0.551	0.213	-0.284	-1.36	0.67	0.0507	-0.63	0.74	-0.296	0.449
Sequence	KC576237_92	5	3	23	10	0.165	0.071	0.551	0.213	-0.36	-1.43	0.58	-0.108	-0.78	0.57	-0.242	-0.37
Sequence	KC576204_92	4	1	24	11	0.165	0.071	0.551	0.213	-0.488	-1.66	0.53	0.0107	-0.67	 0.7	-0.188	0.495
Sequence	KC576105_92	4	1	24	11	0.165	0.071	0.551	0.213	-0.488	-1.66	0.53	0.0107	-0.67	 0.7	-0.188	0.495
Sequence	KC576126_92	4	1	25	11	0.165	0.071	0.551	0.213	-0.488	-1.66	0.53	0.0507	-0.63	0.74	-0.188	0.449
Sequence	KC576219_92	4	1	27	10	0.165	0.071	0.551	0.213	-0.405	-1.59	0.62	0.21	-0.48	0.91	-0.237	0.279
Sequence	KC576155_92	4	1	25	11	0.165	0.071	0.551	0.213	-0.488	-1.66	0.53	0.0507	-0.63	0.74	-0.188	0.449
Sequence	KC576233_92	4	1	25	11	0.165	0.071	0.551	0.213	-0.488	-1.66	0.53	0.0507	-0.63	0.74	-0.188	0.449
Sequence	KC576210_92	4	2	25	10	0.165	0.071	0.551	0.213	-0.488	-1.66	0.53	0.0507	-0.63	0.74	-0.188	0.449
Sequence	KC576223_92	4	1	28	11	0.165	0.071	0.551	0.213	-0.488	-1.66	0.53	0.162	-0.5	0.84	-0.188	0.322
Sequence	KC576107_92	6	1	25	10	0.165	0.071	0.551	0.213	-0.031	-1.05	 0.9	0.134	-0.56	0.85	-0.483	0.359
Sequence	KC576158_92	4	1	25	11	0.165	0.071	0.551	0.213	-0.488	-1.66	0.53	0.0507	-0.63	0.74	-0.188	0.449
Sequence	KC576249_92	4	1	23	12	0.165	0.071	0.551	0.213	-0.564	-1.73	0.43	-0.108	-0.78	0.57	-0.147	-0.37
Sequence	KC576092_92	5	1	26	12	0.165	0.071	0.551	0.213	-0.36	-1.43	0.58	0.0121	-0.65	0.68	-0.242	0.493
Sequence	KC576195_92	4	1	25	9	0.165	0.071	0.551	0.213	-0.315	-1.51	0.73	0.225	-0.49	0.96	-0.295	0.274
Sequence	KC576162_92	4	1	27	9	0.165	0.071	0.551	0.213	-0.315	-1.51	0.73	0.301	-0.41	1.03	-0.295	0.205
Sequence	KC576164_92	4	2	26	9	0.165	0.071	0.551	0.213	-0.405	-1.59	0.62	0.173	-0.52	0.88	-0.237	0.318
Sequence	KC576109_92	2	3	18	6	0.165	0.071	0.551	0.213	-0.825	-2.4	0.45	0.00519	-0.78	 0.8	-0.117	-0.497
Sequence	KC576302_144	3	2	19	6	0.165	0.071	0.551	0.213	-0.364	-1.73	0.82	0.169	-0.63	   1	-0.292	0.347
Sequence	KC576218_92	7	4	20	7	0.165	0.071	0.551	0.213	0.114	-0.85	1.01	-0.0838	-0.81	0.65	0.397	-0.403
Sequence	KC576231_92	4	7	17	12	0.165	0.071	0.551	0.213	-0.928	-2.06	0.01	-0.771	-1.44	-0.14	-0.0285	-0.00971
Sequence	KC576018_53	1	3	13	9	0.165	0.071	0.551	0.213	-1.62	-3.62	-0.16	-0.585	-1.38	0.18	-0.0135	-0.0683
Sequence	KC576044_53	3	4	13	9	0.165	0.071	0.551	0.213	-0.821	-2.13	0.26	-0.662	-1.44	0.09	-0.0765	-0.0429
Sequence	KC576244_92	6	3	24	7	0.165	0.071	0.551	0.213	0.0601	-0.97	1.01	0.185	-0.53	0.93	0.444	0.313
Sequence	KC576167_92	6	1	24	10	0.165	0.071	0.551	0.213	-0.031	-1.05	 0.9	0.0942	-0.61	0.81	-0.483	0.403
Sequence	KC576211_92	5	1	24	11	0.165	0.071	0.551	0.213	-0.284	-1.36	0.67	0.0107	-0.67	 0.7	-0.296	0.495
Sequence	KC576222_92	4	1	24	11	0.165	0.071	0.551	0.213	-0.488	-1.66	0.53	0.0107	-0.67	 0.7	-0.188	0.495
Sequence	KC576165_92	4	1	24	10	0.165	0.071	0.551	0.213	-0.405	-1.59	0.62	0.0942	-0.61	0.81	-0.237	0.403
Sequence	KC576225_92	4	1	25	10	0.165	0.071	0.551	0.213	-0.405	-1.59	0.62	0.134	-0.56	0.85	-0.237	0.359
Sequence	KC576177_92	4	2	24	10	0.165	0.071	0.551	0.213	-0.488	-1.66	0.53	0.0107	-0.67	 0.7	-0.188	0.495
Sequence	KC576208_92	4	1	25	9	0.165	0.071	0.551	0.213	-0.315	-1.51	0.73	0.225	-0.49	0.96	-0.295	0.274
Sequence	KC576207_92	4	1	25	11	0.165	0.071	0.551	0.213	-0.488	-1.66	0.53	0.0507	-0.63	0.74	-0.188	0.449
Sequence	KC576243_92	4	1	25	10	0.165	0.071	0.551	0.213	-0.405	-1.59	0.62	0.134	-0.56	0.85	-0.237	0.359
Sequence	KC576148_92	4	1	25	10	0.165	0.071	0.551	0.213	-0.405	-1.59	0.62	0.134	-0.56	0.85	-0.237	0.359
Sequence	KC576189_92	4	1	25	10	0.165	0.071	0.551	0.213	-0.405	-1.59	0.62	0.134	-0.56	0.85	-0.237	0.359
Sequence	KC576125_92	4	1	25	11	0.165	0.071	0.551	0.213	-0.488	-1.66	0.53	0.0507	-0.63	0.74	-0.188	0.449
Sequence	KC576120_92	4	1	24	11	0.165	0.071	0.551	0.213	-0.488	-1.66	0.53	0.0107	-0.67	 0.7	-0.188	0.495
Sequence	KC576159_92	5	2	24	10	0.165	0.071	0.551	0.213	-0.284	-1.36	0.67	0.0107	-0.67	 0.7	-0.296	0.495
Sequence	KC576193_92	4	1	24	11	0.165	0.071	0.551	0.213	-0.488	-1.66	0.53	0.0107	-0.67	 0.7	-0.188	0.495
Sequence	KC576214_92	4	1	23	11	0.165	0.071	0.551	0.213	-0.488	-1.66	0.53	-0.0309	-0.72	0.67	-0.188	-0.458
Sequence	KC576238_92	4	1	25	12	0.165	0.071	0.551	0.213	-0.564	-1.73	0.43	-0.0263	-0.69	0.64	-0.147	-0.462
Sequence	KC576221_92	4	2	26	9	0.165	0.071	0.551	0.213	-0.405	-1.59	0.62	0.173	-0.52	0.88	-0.237	0.318
Sequence	KC576230_92	4	1	24	11	0.165	0.071	0.551	0.213	-0.488	-1.66	0.53	0.0107	-0.67	 0.7	-0.188	0.495
Sequence	KC576097_92	4	0	27	11	0.165	0.071	0.551	0.213	-0.405	-1.59	0.62	0.21	-0.48	0.91	-0.237	0.279
Sequence	KC576121_92	4	2	22	11	0.165	0.071	0.551	0.213	-0.564	-1.73	0.43	-0.151	-0.83	0.53	-0.147	-0.325
Sequence	KC576213_92	5	1	27	11	0.165	0.071	0.551	0.213	-0.284	-1.36	0.67	0.126	-0.54	0.81	-0.296	0.362
Sequence	KC576136_92	4	2	25	12	0.165	0.071	0.551	0.213	-0.635	-1.79	0.35	-0.0978	-0.75	0.55	-0.114	-0.377
Sequence	KC575892_53	4	5	21	5	0.165	0.071	0.551	0.213	-0.315	-1.51	0.73	0.0549	-0.68	0.81	-0.295	0.45
Sequence	KC576053_53	4	4	22	1	0.165	0.071	0.551	0.213	0.337	-0.98	1.58	0.749	-0.14	1.74	0.294	0.0487
Sequence	KC575960_53	4	3	21	2	0.165	0.071	0.551	0.213	0.337	-0.98	1.58	0.704	-0.19	 1.7	0.294	0.0619
Sequence	KC575889_53	5	2	19	7	0.165	0.071	0.551	0.213	-0.00948	-1.13	1.01	0.0577	-0.72	0.85	0.498	0.45
Sequence	KC575923_53	4	3	14	7	0.165	0.071	0.551	0.213	-0.315	-1.51	0.73	-0.339	-1.14	0.46	-0.295	-0.199
Sequence	KC576013_53	3	2	13	5	0.165	0.071	0.551	0.213	-0.239	-1.63	0.98	-0.0718	-0.96	0.84	-0.368	-0.429
Sequence	KC575898_53	4	6	9	4	0.165	0.071	0.551	0.213	-0.315	-1.51	0.73	-0.763	-1.67	0.11	-0.295	-0.044
Sequence	KC576063_53	3	4	16	9	0.165	0.071	0.551	0.213	-0.821	-2.13	0.26	-0.462	-1.2	0.26	-0.0765	-0.104
Sequence	KC575917_53	2	2	16	3	0.165	0.071	0.551	0.213	-0.286	-1.96	1.15	0.441	-0.49	1.46	-0.369	0.185
Sequence	KC576206_92	4	3	17	8	0.165	0.071	0.551	0.213	-0.405	-1.59	0.62	-0.242	  -1	0.51	-0.237	-0.258
Sequence	KC576217_92	4	4	17	10	0.165	0.071	0.551	0.213	-0.635	-1.79	0.35	-0.474	-1.19	0.22	-0.114	-0.0912
Sequence	KC576166_92	5	2	19	11	0.165	0.071	0.551	0.213	-0.36	-1.43	0.58	-0.294	  -1	 0.4	-0.242	-0.201
Sequence	KC576178_92	5	2	19	11	0.165	0.071	0.551	0.213	-0.36	-1.43	0.58	-0.294	  -1	 0.4	-0.242	-0.201
Sequence	KC576023_53	1	2	14	3	0.165	0.071	0.551	0.213	-0.859	-3.03	0.82	0.313	-0.64	1.34	-0.182	0.272
Sequence	KC576048_53	2	1	11	2	0.165	0.071	0.551	0.213	0.178	-1.61	1.82	0.544	-0.6	1.84	0.406	0.187
Sequence	KC576082_53	5	1	15	5	0.165	0.071	0.551	0.213	0.373	-0.81	 1.5	0.21	-0.69	1.16	0.257	0.334
Sequence	KC576255_92	5	1	19	7	0.165	0.071	0.551	0.213	0.102	-1.03	1.15	0.169	-0.63	   1	0.418	0.347
Sequence	KC575971_53	2	0	19	5	0.165	0.071	0.551	0.213	-0.286	-1.96	1.15	0.607	-0.3	1.61	-0.369	0.0979
Sequence	KC576216_92	5	3	23	15	0.165	0.071	0.551	0.213	-0.674	-1.71	0.22	-0.423	-1.05	0.18	-0.0755	-0.0873
Sequence	KC576200_92	4	3	19	14	0.165	0.071	0.551	0.213	-0.821	-1.96	0.14	-0.554	-1.22	0.09	-0.0508	-0.0469
Sequence	KC576091_92	4	3	19	14	0.165	0.071	0.551	0.213	-0.821	-1.96	0.14	-0.554	-1.22	0.09	-0.0508	-0.0469
Sequence	KC576174_92	4	3	19	14	0.165	0.071	0.551	0.213	-0.821	-1.96	0.14	-0.554	-1.22	0.09	-0.0508	-0.0469
Sequence	KC576113_92	4	2	19	14	0.165	0.071	0.551	0.213	-0.763	-1.91	 0.2	-0.495	-1.17	0.16	-0.0671	-0.07
Sequence	KC576194_92	5	4	24	14	0.165	0.071	0.551	0.213	-0.674	-1.71	0.22	-0.382	  -1	0.22	-0.0755	-0.108
Sequence	KC576232_92	6	5	18	12	0.165	0.071	0.551	0.213	-0.45	-1.42	 0.4	-0.607	-1.28	0.04	-0.162	-0.035
Sequence	KC576247_92	4	2	22	10	0.165	0.071	0.551	0.213	-0.488	-1.66	0.53	-0.0743	-0.77	0.63	-0.188	-0.41
Sequence	KC576114_92	4	2	21	10	0.165	0.071	0.551	0.213	-0.488	-1.66	0.53	-0.12	-0.82	0.59	-0.188	-0.362
Sequence	KC575912_53	5	3	15	8	0.165	0.071	0.551	0.213	-0.201	-1.29	0.77	-0.363	-1.14	 0.4	-0.358	-0.174
Sequence	KC576016_53	5	3	15	8	0.165	0.071	0.551	0.213	-0.201	-1.29	0.77	-0.363	-1.14	 0.4	-0.358	-0.174
Sequence	KC576052_53	7	1	23	5	0.165	0.071	0.551	0.213	0.689	-0.38	1.75	0.625	-0.22	1.54	0.0985	0.0722
Sequence	KC576235_92	7	2	26	12	0.165	0.071	0.551	0.213	-0.118	-1.06	0.73	-0.0594	-0.71	0.59	-0.404	-0.422
Sequence	KC576143_92	7	1	26	12	0.165	0.071	0.551	0.213	-0.0467	-0.99	0.81	0.0121	-0.65	0.68	-0.467	0.493
Sequence	KC576122_92	4	2	26	12	0.165	0.071	0.551	0.213	-0.635	-1.79	0.35	-0.0594	-0.71	0.59	-0.114	-0.422
Sequence	KC576132_92	4	1	27	12	0.165	0.071	0.551	0.213	-0.564	-1.73	0.43	0.0491	-0.61	0.71	-0.147	0.448
Sequence	KC576236_92	4	1	28	13	0.165	0.071	0.551	0.213	-0.635	-1.79	0.35	0.0133	-0.62	0.65	-0.114	0.49
Sequence	KC576209_92	5	2	23	14	0.165	0.071	0.551	0.213	-0.56	-1.61	0.35	-0.309	-0.95	0.32	-0.124	-0.167
Sequence	KC576199_92	5	2	23	14	0.165	0.071	0.551	0.213	-0.56	-1.61	0.35	-0.309	-0.95	0.32	-0.124	-0.167
Sequence	KC576180_92	5	2	22	14	0.165	0.071	0.551	0.213	-0.56	-1.61	0.35	-0.352	  -1	0.28	-0.124	-0.138
Sequence	KC576147_92	5	2	25	13	0.165	0.071	0.551	0.213	-0.498	-1.55	0.42	-0.165	-0.81	0.47	-0.156	-0.301
Sequence	KC576115_92	4	1	21	11	0.165	0.071	0.551	0.213	-0.488	-1.66	0.53	-0.12	-0.82	0.59	-0.188	-0.362
Sequence	KC576297_144	4	4	30	14	0.165	0.071	0.551	0.213	-0.876	-2.01	0.07	-0.163	-0.75	0.42	-0.0382	-0.287
Sequence	KC575991_53	7	5	21	6	0.165	0.071	0.551	0.213	0.114	-0.85	1.01	-0.0363	-0.76	0.69	0.397	-0.453
Sequence	KC576196_92	3	6	27	9	0.165	0.071	0.551	0.213	-0.956	-2.25	 0.1	-0.0891	-0.72	0.54	-0.0419	-0.384
Sequence	KC576263_144	7	8	28	11	0.165	0.071	0.551	0.213	-0.414	-1.32	0.38	-0.283	-0.87	0.29	-0.167	-0.167
Sequence	KC576299_144	6	8	26	12	0.165	0.071	0.551	0.213	-0.607	-1.56	0.22	-0.406	  -1	0.17	-0.0825	-0.0846
Sequence	KC576286_144	6	8	26	11	0.165	0.071	0.551	0.213	-0.558	-1.52	0.28	-0.356	-0.96	0.23	-0.104	-0.117
Sequence	KC576293_144	6	8	26	10	0.165	0.071	0.551	0.213	-0.505	-1.47	0.34	-0.303	-0.91	0.29	-0.131	-0.158
Sequence	KC576298_144	7	8	22	12	0.165	0.071	0.551	0.213	-0.464	-1.36	0.33	-0.569	-1.19	0.02	-0.136	-0.0318
Sequence	KC576191_92	5	4	24	12	0.165	0.071	0.551	0.213	-0.56	-1.61	0.35	-0.267	-0.9	0.36	-0.124	-0.199
Sequence	KC576094_92	5	4	24	11	0.165	0.071	0.551	0.213	-0.498	-1.55	0.42	-0.205	-0.85	0.43	-0.156	-0.261
Sequence	KC576220_92	3	3	20	13	0.165	0.071	0.551	0.213	-1.02	-2.3	0.03	-0.445	-1.11	 0.2	-0.0307	-0.0896
Sequence	KC576272_144	6	3	22	9	0.165	0.071	0.551	0.213	-0.114	-1.12	 0.8	-0.0743	-0.77	0.63	-0.415	-0.41
Sequence	KC575848_136	6	2	22	12	0.165	0.071	0.551	0.213	-0.263	-1.25	0.62	-0.223	-0.89	0.44	-0.294	-0.251
Sequence	KC576108_92	4	5	24	12	0.165	0.071	0.551	0.213	-0.821	-1.96	0.14	-0.326	-0.95	0.29	-0.0508	-0.148
Sequence	KC576267_144	6	5	29	19	0.165	0.071	0.551	0.213	-0.785	-1.73	0.02	-0.477	-1.03	0.05	-0.0302	-0.0416
Sequence	KC576259_144	3	4	27	18	0.165	0.071	0.551	0.213	-1.32	-2.58	-0.31	-0.462	-1.04	0.09	-0.00423	-0.0531
Sequence	KC575845_136	4	4	28	19	0.165	0.071	0.551	0.213	-1.11	-2.23	-0.19	-0.47	-1.03	0.07	-0.00836	-0.047
Sequence	KC576268_144	4	4	28	19	0.165	0.071	0.551	0.213	-1.11	-2.23	-0.19	-0.47	-1.03	0.07	-0.00836	-0.047
Sequence	KC575846_136	4	3	27	16	0.165	0.071	0.55	0.214	-0.928	-2.06	0.01	-0.315	-0.91	0.26	-0.0284	-0.143
Sequence	KC576270_144	5	3	30	16	0.165	0.071	0.551	0.213	-0.726	-1.76	0.16	-0.215	-0.8	0.35	-0.0584	-0.227
Sequence	KC576262_144	8	3	20	19	0.165	0.071	0.551	0.213	-0.431	-1.28	0.32	-0.756	-1.38	-0.17	-0.14	-0.00679
Sequence	KC576276_144	8	3	21	19	0.165	0.071	0.551	0.213	-0.431	-1.28	0.32	-0.708	-1.32	-0.13	-0.14	-0.0097
Sequence	KC576287_144	8	3	21	18	0.165	0.071	0.551	0.213	-0.385	-1.24	0.37	-0.662	-1.28	-0.07	-0.17	-0.0153
Sequence	KC576277_144	6	5	20	12	0.165	0.071	0.551	0.213	-0.45	-1.42	 0.4	-0.504	-1.16	0.13	-0.162	-0.0614
Sequence	KC576300_144	4	4	27	13	0.165	0.071	0.551	0.213	-0.821	-1.96	0.14	-0.21	-0.82	0.39	-0.0508	-0.243
Sequence	KC576253_92	4	4	22	13	0.165	0.071	0.551	0.213	-0.821	-1.96	0.14	-0.411	-1.05	0.21	-0.0508	-0.099
Sequence	KC575852_53	11	3	28	15	0.165	0.071	0.551	0.213	0.068	-0.71	0.78	-0.23	-0.83	0.36	0.422	-0.218
Sequence	KC575853_140	11	3	28	15	0.165	0.071	0.551	0.213	0.068	-0.71	0.78	-0.23	-0.83	0.36	0.422	-0.218
Sequence	KC576160_92	5	2	27	14	0.165	0.071	0.551	0.213	-0.56	-1.61	0.35	-0.152	-0.77	0.46	-0.124	-0.309
Sequence	KC576134_92	6	3	22	14	0.165	0.071	0.551	0.213	-0.45	-1.42	 0.4	-0.411	-1.05	0.21	-0.162	-0.099
Sequence	KC576168_92	6	4	30	10	0.165	0.071	0.551	0.213	-0.263	-1.25	0.62	0.0811	-0.55	0.72	-0.294	0.406
Sequence	KC576269_144	8	3	30	16	0.165	0.071	0.551	0.213	-0.288	-1.15	0.48	-0.215	-0.8	0.35	-0.245	-0.227
Sequence	KC576295_144	6	5	31	15	0.165	0.071	0.551	0.213	-0.607	-1.56	0.22	-0.233	-0.8	0.32	-0.0825	-0.204
Sequence	KC576283_144	6	5	30	15	0.165	0.071	0.551	0.213	-0.607	-1.56	0.22	-0.265	-0.84	0.29	-0.0825	-0.176
Sequence	KC576282_144	6	4	33	17	0.165	0.071	0.551	0.213	-0.655	-1.61	0.17	-0.219	-0.77	0.32	-0.0648	-0.212
Sequence	KC576294_144	6	3	24	9	0.165	0.071	0.551	0.213	-0.114	-1.12	 0.8	0.0107	-0.67	 0.7	-0.415	0.495
Sequence	KC576290_144	6	5	27	11	0.165	0.071	0.551	0.213	-0.391	-1.37	0.47	-0.152	-0.77	0.46	-0.2	-0.309
Sequence	KC576301_144	6	5	26	10	0.165	0.071	0.551	0.213	-0.329	-1.31	0.54	-0.126	-0.76	0.51	-0.244	-0.342
Sequence	KC576266_144	6	5	26	10	0.165	0.071	0.551	0.213	-0.329	-1.31	0.54	-0.126	-0.76	0.51	-0.244	-0.342
Sequence	KC576288_144	6	5	26	10	0.165	0.071	0.551	0.213	-0.329	-1.31	0.54	-0.126	-0.76	0.51	-0.244	-0.342
Sequence	KC576265_144	7	6	27	7	0.165	0.071	0.551	0.213	-0.0467	-0.99	0.81	0.0491	-0.61	0.71	-0.467	0.448
Sequence	KC576240_92	7	9	17	16	0.165	0.071	0.551	0.213	-0.681	-1.56	0.08	-1.04	-1.68	-0.45	-0.0437	-0.000355
Sequence	KC576280_144	11	3	24	13	0.165	0.071	0.551	0.213	0.182	-0.61	0.92	-0.267	-0.9	0.36	0.313	-0.199
Sequence	KC576264_144	11	3	25	14	0.165	0.071	0.551	0.213	0.124	-0.66	0.85	-0.286	-0.91	0.32	0.367	-0.177
Sequence	KC576296_144	9	3	30	19	0.165	0.071	0.551	0.213	-0.319	-1.13	 0.4	-0.358	-0.92	0.18	-0.206	-0.0993
Sequence	KC576273_144	9	3	30	18	0.165	0.071	0.551	0.213	-0.274	-1.09	0.46	-0.313	-0.88	0.24	-0.244	-0.133
Sequence	KC576289_144	5	3	30	18	0.165	0.071	0.551	0.213	-0.823	-1.85	0.05	-0.313	-0.88	0.24	-0.0341	-0.133
Sequence	KC576279_144	5	3	30	18	0.165	0.071	0.551	0.213	-0.823	-1.85	0.05	-0.313	-0.88	0.24	-0.0341	-0.133
Sequence	KC576278_144	6	4	29	19	0.165	0.071	0.551	0.213	-0.743	-1.69	0.07	-0.435	-0.99	 0.1	-0.0392	-0.0588
Sequence	KC576292_144	7	4	25	14	0.165	0.071	0.551	0.213	-0.361	-1.27	0.44	-0.342	-0.95	0.26	-0.203	-0.132
Sequence	KC576202_92	5	8	23	13	0.165	0.071	0.551	0.213	-0.823	-1.85	0.05	-0.574	-1.18	0.01	-0.0341	-0.028
Sequence	KC575913_53	11	3	21	12	0.165	0.071	0.551	0.213	0.245	-0.55	0.99	-0.335	  -1	0.32	0.261	-0.157
Sequence	KC575986_53	8	0	20	9	0.165	0.071	0.551	0.213	0.432	-0.53	1.35	0.108	-0.66	 0.9	0.179	 0.4
Sequence	KC575966_53	7	0	20	5	0.165	0.071	0.551	0.213	0.86	-0.25	1.99	0.657	-0.25	1.66	0.0615	0.0781
Sequence	KC575871_53	7	0	20	4	0.165	0.071	0.551	0.213	1.07	-0.1	2.29	0.859	-0.11	1.95	0.0345	0.0392
Sequence	KC575887_53	8	1	17	6	0.165	0.071	0.551	0.213	0.67	-0.33	1.66	0.187	-0.66	1.07	0.0897	0.341
Sequence	KC576074_53	7	1	16	6	0.165	0.071	0.551	0.213	0.544	-0.5	1.56	0.129	-0.73	1.02	0.145	0.394
Sequence	KC575936_53	7	1	18	6	0.165	0.071	0.551	0.213	0.544	-0.5	1.56	0.243	-0.59	1.12	0.145	0.293
Sequence	KC576024_53	5	3	18	3	0.165	0.071	0.551	0.213	0.373	-0.81	 1.5	0.387	-0.49	1.32	0.257	0.199
Sequence	KC576001_53	10	4	17	5	0.165	0.071	0.551	0.213	0.645	-0.25	1.52	-0.0503	-0.84	0.76	0.0744	-0.442
Sequence	KC576131_92	2	5	22	7	0.165	0.071	0.551	0.213	-1.09	-2.63	0.13	-0.0743	-0.77	0.63	-0.0443	-0.41
Sequence	KC576060_53	7	2	20	9	0.165	0.071	0.551	0.213	0.114	-0.85	1.01	-0.0838	-0.81	0.65	0.397	-0.403
Sequence	KC575942_53	10	6	21	3	0.165	0.071	0.551	0.213	0.645	-0.25	1.52	0.155	-0.6	0.94	0.0744	0.352
Sequence	KC576002_53	10	6	19	2	0.165	0.071	0.551	0.213	0.757	-0.16	1.67	0.169	-0.63	   1	0.0496	0.347
Sequence	KC576285_144	6	5	31	14	0.165	0.071	0.551	0.213	-0.558	-1.52	0.28	-0.183	-0.76	0.38	-0.104	-0.26
Sequence	KC576284_144	7	4	31	19	0.165	0.071	0.551	0.213	-0.6	-1.49	0.17	-0.37	-0.92	0.16	-0.0703	-0.0885
Sequence	KC576260_144	7	4	31	17	0.165	0.071	0.551	0.213	-0.511	-1.41	0.27	-0.281	-0.84	0.27	-0.11	-0.158
Sequence	KC576258_144	7	4	32	15	0.165	0.071	0.551	0.213	-0.414	-1.32	0.38	-0.152	-0.73	0.41	-0.167	-0.295
Sequence	KC576303_144	7	4	32	15	0.165	0.071	0.551	0.213	-0.414	-1.32	0.38	-0.152	-0.73	0.41	-0.167	-0.295
Sequence	KC576291_144	7	4	31	15	0.165	0.071	0.551	0.213	-0.414	-1.32	0.38	-0.183	-0.76	0.38	-0.167	-0.26
